Model,MAE,RMSE,MAPE
Naive,3611.15097574468,4657.4276433481955,12.975115576815593
Seasonal Naive,4093.3791431914888,5278.747778889584,15.11564148864291
Moving Average,3559.256873708207,4547.137720687411,12.925014570954973
