Model,MAE,RMSE,MAPE
Naive,3611.15097574468,4657.427643348196,12.975115576815591
Seasonal Naive,4093.3791431914888,5278.747778889584,15.11564148864291
Moving Average,3559.256873708207,4547.137720687411,12.925014570954971
LSTM,2077.57275390625,2821.2618630676593,8.074491500854492
