Model,MAE,RMSE,MAPE
LSTM_Phase3,2091.566162109375,2719.2080648600613,8.088384
