Model,MAE,RMSE,MAPE,Directional Accuracy (%)
LSTM,0.12595699727535248,0.15390309049781029,73.5448,62.00227531285552
Transformer,0.09683866798877716,0.12498915148388967,52.688927,74.68714448236632
