Model,MAE,RMSE,MAPE
Naive,0.20747315883636475,0.2628733800755615,96.97278
Seasonal Naive,0.2224646806716919,0.2750155146513907,128.73952
Moving Average,0.18257829546928406,0.22235827836149646,113.74128
LSTM,0.12595699727535248,0.15390309049781029,73.5448
