Model,MAE,RMSE,MAPE
LSTM_WalkForward,3955.0732333891815,4458.453687006956,16.528895457078026
